{"cameraMode":{"drawMode":0,"name":"Shaded","section":"Shading Mode"},"sceneLighting":true,"audioPlay":false,"sceneViewState":{"m_AlwaysRefresh":false,"showFog":true,"showSkybox":true,"showFlares":true,"showImageEffects":true,"showParticleSystems":true,"showVisualEffectGraphs":true,"m_FxEnabled":true},"in2DMode":false,"pivot":{"x":0.6625890731811523,"y":6.472342014312744,"z":-8.89298152923584},"rotation":{"x":0.27939870953559878,"y":-0.46845123171806338,"z":0.15905101597309113,"w":0.8229221701622009},"size":3.9992527961730959,"orthographic":false}